"reason_for_delay","total_delays","avg_arrival_delay_minutes"
"Weather","758","46.80738786279683377309"
"Technical Issue","472","24.91737288135593220339"
"Signal Failure","242","71.68181818181818181818"
"Signal failure","209","28.8038277511961722"
"Staff Shortage","183","74.9344262295081967"
"Staffing","172","25.90697674418604651163"
"Weather Conditions","169","30.54437869822485207101"
"Traffic","87","32.34482758620689655172"
